<?xml version="1.0"?>
<!-- Generated by Xilinx Xpower in writeXMLreport-->
<!DOCTYPE Power_Manager PUBLIC "-//XILINX// DTD $XILINX/data/xml/Power/Power_Manager.dtd//EN" "">
<Power_Manager version="1.0" date="Wed Sep 09 00:26:04 2009
" creator="XPower">
<Power_Head design="Modulo3.ncd" device="3s500efg320-4" constraints="Modulo3.pcf" settings="Modulo3_xpwr.xml">
  <Power_Environment voltage="1.20" ambient="25.0C" airflow="0LFM" thetaja="26.1C/W" usecustomthetaja="No" customthetaja="0.0C/W" battery="0mAh" parttype="commercial" glue="0C/W" heatsink="0C/W">
    <Power_Voltage source="Vccint" voltage="1.20" quiescent="0.000000" startup="0.00"/>
    <Power_Voltage source="Vccaux" voltage="2.50" quiescent="18.000000" startup="0.00"/>
    <Power_Voltage source="Vcco33" voltage="3.30" quiescent="2.000000" startup="0.00"/>
  </Power_Environment>
  <!-- Set the globals and defaults -->
  <Power_Defaults>
    <Power_Probability fftoggle="0.125000" iotoggle="0.125000" iooutputload="5.000000" ioenable="1.000000" bramenable="0.250000" bramwrite="0.500000" dsptoggle="0.125000"/>
  </Power_Defaults>
</Power_Head>
</Power_Manager>
